,binary_delete,binary_get_max,binary_get_random,binary_insertion,heap_get_max,heap_insert,heap_remove,merge_sort,quick_sort
10,3.896737862163491e-06,1.4169955868226225e-05,2.1254933802339337e-05,6.730729037229821e-06,1.062746690649874e-06,7.084977937665826e-07,1.4169955839804516e-06,0.0002660409214155503,0.00012788385170574385
100,6.37648014034653e-06,2.5151671664502828e-05,4.6406605466842166e-05,1.1690213590043186e-05,1.0627466870971602e-06,7.084977937665826e-07,7.084977937665826e-07,0.006267371480271525,0.002349732931756784
1000,1.558695145575939e-05,2.904840952666632e-05,3.4716391873246266e-05,9.91896910562673e-06,1.4169955875331652e-06,1.062746690649874e-06,1.4169955875331652e-06,0.08236641096981302,0.02594022970915457
10000,1.1335964693159895e-05,6.907853485316195e-05,0.0001498472832999198,2.2671929389872503e-05,1.4169955875331652e-06,7.084977937665826e-07,2.4797422746303255e-06,1.1000214674831397,0.3480020716475479
100000,1.4878453661992808e-05,4.3572614291775835e-05,6.270205471281542e-05,1.9483689321475595e-05,1.4169955875331652e-06,1.062746690649874e-06,2.833991171513617e-06,20.809137779440388,3.9433556014189795
